word,count
airware,1
specializes,1
development,2
autopilots,1
unmanned,1
aircraft,1
systems,2
free,11
powerful,7
social,33
metrics,2
combined,1
effective,2
campaign,1
feedback,5
store,5
server,2
software,20
run,5
platform,45
buildzoom,1
one-stop,1
shop,2
house,1
built,6
remodeled,1
repaired,1
making,5
easier,4
engineers,1
students,2
hobbyists,1
design,5
analyze,2
build,7
share,22
circuits,1
crowdmed,1
revolutionizing,1
healthcare,3
harnessing,1
wisdom,3
crowds,2
solve,2
world’s,1
difficult,2
medical,4
cases,1
quickly,3
accurately,2
online,59
monitoring,3
error,1
reporting,2
applications,16
spreadsheets,3
big,3
data,17
flightcar,1
lets,21
people,29
parking,2
airport,2
vehicles,1
travelers,1
pay,2
vision,1
marketplace,11
connects,7
curious,1
eaters,1
america's,1
gourmet,1
food,4
purveyors,1
heap,1
automatically,5
captures,1
user,3
action,1
web,35
measure,1
clicks,1
submissions,1
page,3
views,1
talk,2
lawyer,1
legal,1
advice,2
hassle,2
commitment-free,1
lollipuff,1
premier,2
auction,2
site,15
high-end,1
designer,2
apparel,2
accessories,1
great,8
powered,1
meldium,1
automates,1
tedious,1
error-prone,1
insecure,1
parts,2
account,1
management,13
work,7
microryza,1
crowdfunding,2
science,5
academic,2
research,2
myo,1
armband,1
electrical,1
activity,1
muscles,1
wirelessly,1
control,5
computer,4
phone,13
favorite,3
digital,5
technologies,2
padlet,1
internet,2
application,12
express,1
thoughts,2
common,1
topic,3
easily,8
works,2
sheet,1
paper,2
put,1
content,9
e.g,1
images,4
videos,6
documents,3
text,7
device,4
paytango,1
links,3
cards,3
wallet,2
fingerprints,1
posmetrics,1
ipad-based,1
customer,4
surveys,3
mounted,1
point,2
purchase,3
fundraising,1
enabling,3
celebrities,2
fan,1
bases,1
raise,3
money,9
awareness,1
chosen,1
collaborative,4
screen,4
sharing,9
mouse,1
curated,2
database,7
products,9
prices,4
50,1
million,2
distinct,1
20,1
refreshed,1
constantly,1
simple,19
health,2
insurance,3
small,2
businesses,12
gorgeous,1
mobile-optimized,1
sites,7
minutes,6
weather-appropriate,1
fashion,3
tailored,1
life,7
style,1
day,3
svbtle,1
publishing,3
network,9
brings,4
things,6
newspapers,2
magazines,1
swapbox,2
longer,1
worry,1
missing,1
deliveries,1
shipping,1
address,3
packages,1
waiting,1
nearest,2
location,3
swish,1
dynamic,1
specialized,1
mobile,35
payment,3
company,16
developed,1
ground,1
breaking,1
card,5
reader,1
complete,2
sale,1
solution,5
size,1
business,10
create,14
sell,9
custom,3
t-shirts,2
upfront,1
costs,2
set,6
exams,1
tests,2
assessments,1
student,1
answers,1
securely,2
graded,1
instantly,4
watsi,1
peer-to-peer,2
users,27
fund,1
life-changing,1
treatments,1
underserved,1
developing,2
countries,2
aim,1
wealth,1
opportunity,1
invest,3
startups,1
wevorce's,1
divorce,1
services,9
ensure,1
kids,4
remain,1
affordable,5
stays,1
court,1
find,7
professionally,2
managed,3
vacation,3
rental,7
zenefits,1
runs,2
benefits,2
forget,1
airbrite,1
cloud-enabled,1
powers,4
commerce,1
generation,3
e-commerce,2
mobile-first,1
api,3
modern,2
shopping,5
amicus,1
empowers,1
cause-driven,1
organizations,3
leverage,2
networks,6
supporters,1
attract,1
members,1
votes,1
authy,1
makes,17
easy,15
add,3
optional,1
factor,1
authentication,2
calls,1
phones,1
layer,3
fast,10
scalable,3
financial,3
analytics,5
bigcalc,1
quants,1
algo,1
traders,1
simulations,1
limitless,1
amounts,1
historic,1
boosted,1
boards,1
builds,3
world's,6
lightest,1
electric,1
longboards,1
ship,1
parcels,1
bufferbox,1
quick,3
convenient,3
secure,2
pick-up,1
anytime,1
miss,1
delivery,2
canopy,1
labs,3
wanting,1
apply,2
models,2
circular,1
offers,11
infinitely,2
scrolling,1
feed,1
based,13
topics,2
interest,1
educational,1
coco,1
controller,2
kickstarter,1
project,5
adds,1
directional,1
controls,1
game,9
buttons,1
including,2
galaxy,1
siii,1
iphone,12
standard,1
android,6
handsets,1
hosted,2
bitcoin,2
coinbase,1
easiest,12
started,3
finder,1
cloud,9
google,8
docs,1
facebook,8
instagram,1
supercharge,1
excel,1
script,1
python,2
freedom,1
diaspora,1
fun,6
creative,1
community,13
puts,1
double,1
simplest,2
elegant,1
world,8
flying,1
wheels,1
ipad,4
3d,2
printing,1
fundamentally,1
reshape,1
relationship,1
items,2
dreamforge,1
strive,1
show,3
beliefs,1
easel,1
in-browser,1
high-fidelity,1
tool,14
mockup,1
implement,2
ideas,2
eligibility,1
checks,1
everyday.me,1
automatic,1
journal,1
helps,18
record,2
forever,1
filepicker.io,1
flightfox,1
crowd-sourced,1
flight,2
search,19
fundersclub,1
service,25
investors,3
unprecedented,2
access,3
investment,2
opportunities,2
tools,11
review,3
speed,1
getgoing,1
san,4
francisco,4
technology,10
innovative,2
booking,2
solutions,4
global,1
airline,1
industry,2
simply,3
remarkable,1
spreadsheet,2
logistics,1
healthy,1
connect,4
patients,2
learn,5
himom,1
stay,2
touch,3
parents,2
precious,1
moments,2
physical,1
postcards,1
hiptype,1
targeted,1
advertising,3
capabilities,1
popular,1
ebook,1
platforms,3
features,5
hubchilla,1
matches,1
similar,3
sms,3
image,4
explore,1
amazing,2
photography,1
visual,1
inspiration!,1
grocery,1
doorstep,1
kamcord,1
awesome,2
gameplays,1
leave,3
games,14
reliable,1
carriers?,1
keychain's,1
proprietary,2
nationwide,1
qualified,1
drivers,1
kippt,1
make,15
information,5
workflow,1
archiving,1
effortless,2
teachers,1
succeed,1
high,3
school,4
"8,000",1
video,23
lessons,1
counting,1
lean,2
startup,7
machine,1
leading,4
bootcamp,1
methodology,1
light,1
table,1
interactive,4
modify,1
running,2
programs,4
embed,1
websites,4
answer,3
questions,5
code,2
understand,3
photoshop,1
html,3
css,2
generates,1
goodbye,1
forms,4
meaningless,1
numbers,1
microeval,1
quickest,1
meaningful,2
employees,2
goal,2
monetization,2
problem,2
step,1
blind,1
ads,5
focus,6
targeting,1
myvr,1
marketing,5
owners,4
operators,1
manage,8
stories,2
friends,19
blogs,2
parallel,1
universe,1
y-combinator,1
middleware,1
enable,1
scaling,1
real-time,12
spatial,1
retargeting,1
retarget,1
lost,1
customers,6
sales,1
plivo,1
voice,4
profig,1
transcriptions,1
call,1
tracking,3
broadcasting,1
crm,2
integration,2
quicklychat,1
coworkers,1
chat,7
working,1
remotely,1
reelsurfer,1
clip,1
website,14
referly,1
referral,1
system,7
wedding,1
registry,2
co-operate,1
independent,1
retailers,5
box,3
stores,4
registrylove,1
register,1
consolidate,1
rent.io,1
competitive,1
pricing,2
properties,1
scoutzie.com,1
smartasset,1
life's,1
biggest,1
decisions,4
bringing,1
transparency,1
decision,1
process,4
spinpunch,1
infrastructure,1
performance,1
browser,6
rival,1
pc,2
console,1
titles,1
sponsorfied,1
sponsorships,1
brands,2
relevant,1
sponsorship,1
click,3
button,1
web-based,9
statistical,1
analysis,3
speaks,1
plain,2
english,1
arcane,1
stats,1
jargon,1
grades,2
frustration,1
college,2
classes,1
spent,1
studying,1
submittable,1
cloud-based,1
submission,2
1000s,1
publishers,1
curate,1
accept,2
i.e,1
audio,1
manuscripts,1
resumes,1
survata,1
type,2
market,2
consumer,1
insights,1
tapin,1
broadcast,1
tastemaker,1
aims,7
interior,2
decorating,1
accessible,2
handcrafted,1
travel,5
guides,1
offline,1
awesomeness,1
artists,2
release,1
music,15
fit,2
perfect,1
personalized,2
polos,1
vayable,1
discover,4
buy,7
unique,6
experiences,3
tours,1
activities,1
extended,1
trips,1
viacycle,1
creates,4
advanced,4
bicycle,1
deployment,1
administration,1
millions,2
people!,1
distribute,2
apps,13
voicegem,1
send,8
message,1
zapier,1
saas,4
integrations,1
push,1
dozens,1
write,3
wrangle,1
apis,2
largest,2
fastest,3
growing,1
comedy,1
brought,1
tens,1
love,1
laugh,1
humor,1
anyperk,1
discounts,2
web-services,1
employee,1
perks,1
anyvivo,1
hub,2
living,1
ark.com,1
engine,7
reconnect,1
classmates,1
contacts,2
carsabi,1
cars,1
chute,1
capture,1
display,3
files,5
coderwall,1
developers,7
profile,1
projects,1
crowdtilt,1
pool,1
funds,1
objectives,1
frictionless,2
fresh,1
daily,4
deals,3
embark,1
car,3
mass,2
transit,1
riders,1
worldwide,1
everyart,1
commission,1
piece,1
diverse,1
portfolio,1
excited,1
collaborate,1
masterpiece,1
exec,1
outsource,1
background,2
checked,1
execs,1
today,1
familyleaf,1
private,3
family,3
farmlogs,1
incredibly,1
happening,2
farm,1
start,4
saving,1
ditch,1
records!,1
play,7
pause,1
movies,3
gesture!,1
flypad,1
turns,2
motion-sensing,1
steam,1
indie,2
fans,3
gather,2
good,1
club,1
sets,2
drinks,1
2,1
groups,4
3,2
guys,1
girls,1
smart,3
wiki,1
personal,5
notes,1
event,3
planning,2
classroom,1
collaboration,6
brilliant,1
job,4
seekers,1
delivered,2
source,1
candidates,2
samples,1
interviews,1
icracked,1
local,10
ipod,2
repair,1
buyback,1
united,1
states,1
kytephone,1
transforms,2
smartphone,2
safe,1
lvl6,1
ios,3
period,1
matterport,1
revolutionary,1
scanner,1
spaces,3
communication,3
made,2
medigram,1
hipaa-compliant,1
conversation,1
stunning,1
hd,1
minecraft,1
servers,3
10,1
hours,1
month,1
pair,1
phi,1
designed,8
pcie,1
hardware,1
defined,1
radio,2
interact,2
types,1
wireless,2
signals,1
devices,3
plangrid,1
created,2
save,7
contractors,1
popset,1
group,6
photo,8
albums,1
directly,3
priceonomics,1
price,1
guide,1
sendhub,1
professionals,1
communicate,1
shoptiques.com,1
boutique,1
socialcam,1
sonalight,1
whilst,1
drive,3
swiftype,1
building,7
muse,1
visually,1
engaging,4
related,5
career,1
resources,1
push-to-talk,1
walkie-talkie,1
sends,1
texts,1
voicemail,1
hire,1
mechanics,2
home,2
fix,1
20%,1
repairs,1
transparent,1
creating,7
beautiful,5
payroll,2
zillabyte,1
big-data,1
stealth,2
mode,2
99dresses,1
trade,2
42floors,1
office,2
space,3
rentals,2
commercial,1
estate,2
listings,3
indexing,1
places,3
coworking,1
sublets,1
executive,1
suites,1
agile,1
diagnosis,1
central,1
clinical,2
guidelines,1
providing,2
clinicians,1
expertise,1
format,1
practice,1
aisle50,1
group-buying,1
outlet,1
groceries,3
$2,1
trillion,1
mission,1
honest,1
reviews,2
hear,1
love!,1
citusdb,2
distributed,3
sql,1
queries,2
large,1
analytical,1
enables,6
responsiveness,1
codecademy,1
programming,4
tutorial,1
teach,1
javascript,2
jquery,1
automated,1
credit,2
counseling,1
debt,3
turbo,1
tax,1
relief,1
doublerecall,1
recall,1
meant,2
shared,2
500,1
strangers,1
everyme,1
choose,2
backend,1
managing,1
freshplum's,1
bring,1
decision-making,1
power,3
companies,7
goods,2
electronically,1
glassmap,1
gocardless,1
uk-based,1
smaller,1
merchants,3
interbank,1
transfers,1
habit,2
turn,2
healthier,1
future,4
open,2
competitors,1
keeping,1
loop,1
product's,1
interviewstreet,1
customized,1
language,1
evaluate,1
skills,1
proceeding,1
interview,1
kicksend,1
desktop,2
toys,1
empower,1
leaky,1
consumers,2
latest,1
filings,1
press,1
releases,1
patents,1
trademarks,1
700000+,1
entities,1
meteor,1
open-source,2
top-quality,1
fraction,1
expert,1
developer,7
mixrank,1
spy,1
contextual,1
mobileworks,1
crowdsourcing,1
accurate,1
faster,1
existing,5
mongohq,1
provider,1
utilizing,2
mongodb,1
storage,2
munch,1
discovery,2
portal,2
communities,2
trainers,1
stylists,1
me?,1
pagelever,1
measuring,1
brand's,1
presence,2
qr,2
codes,2
paperlinks,1
generating,1
parse,2
care,2
rest,1
prints,1
loved,1
seconds,2
proxino,1
debugging,1
client-side,1
quartzy,1
suite,4
rentobo,1
landlords,3
managers,1
agents,1
sizes,1
simplify,1
finding,2
signing,1
tenant,1
property,2
exchange,2
scientific,1
experiments,2
conducted,1
researchers,1
top,3
core,2
facilities,1
institutions,1
sellstage,1
communicating,1
selling,3
siasto,2
integrates,2
gmail,2
gcal,2
dropbox,3
snapjoy,1
library,2
imports,1
photos,6
organizes,1
memories,1
greek,1
streak,1
designs,1
sorority,1
fraternity,1
stypi,1
editor,2
etherpad,1
tagstand,1
ships,1
nfc,1
stickers,1
tablet,1
strategy,1
verbling,1
languages,2
vidyard,2
hosts,1
analyzes,1
effectiveness,1
vimessa,1
messages,3
yardsale,1
folks,1
buyers,3
zenbox,1
extension,4
zigfu,1
kinect,1
download,3
plugin,1
hook,1
sensor,1
enjoy,2
now!,1
acunote,1
scrum,1
appharbor,1
.net,1
platform-as-a-service,3
beetailer's,1
import,1
e-retailers,1
promoting,1
storefront,1
detailed,1
rpc,1
framework,2
modular,1
cross-language,1
chirply,1
crowd-sourcing,1
crowd-curating,1
nearby,1
matter,1
circle,1
tells,2
hometown,1
professional,3
etc.,1
comprehend,2
maker,1
visualization,2
multiple,1
databases,2
leaving,1
curebit,1
increase,2
revenue,1
referrals,1
turning,1
marketers,1
custora,1
valuable,1
suggests,1
actions,1
drchrono,1
doctors,1
earbits,1
fitfu,1
trainer,1
pocket,1
active,1
bits,1
exercise,1
universal,1
loyalty,1
embraces,1
effects,2
improves,1
experience,2
giftrocket,1
sells,1
gift,3
irc,1
grubwithus,1
meals,2
meet,3
dining,1
city's,1
restaurants,4
hellofax,1
receive,2
faxes,1
request,1
signatures,1
fill,3
tumult,1
produce,1
hyperink,1
self-publishing,1
unlock,1
untapped,1
giving,2
citizen,1
ability,1
publish,2
book,4
kaleidoscope,1
spot,1
differences,1
file,1
comparison,2
lanyrd,1
directory,2
conferences,1
events,2
speakers,1
like.fm,1
songs,1
mailgun,1
integrating,1
email,7
inboxes,1
meetings.io,1
face,2
memsql,1
combinator,2
grad,1
memory-optimized,1
high-throughput,1
workloads,1
minomonsters,1
players,2
collect,1
battle,1
pet,1
monsters,1
moki.tv,1
paid,2
included,1
amazon's,1
streaming,1
netlfix,1
hulu,1
itunes,3
meeting,2
schedule,1
meetings,1
calendar,3
noteleaf,1
flotype,1
venture-backed,2
enterprise,2
messaging,4
orderahead,1
order,2
pebble,1
customizable,1
e-paper,1
watch,2
sendoid,1
on-demand,1
peer,2
transfer,1
swipegood,1
enroll,1
debit,1
dollar,1
charity,2
talkbin,1
setup,1
child's,1
tutorspree,1
tutors,1
clients,1
upverter,1
browser-based,4
electronic,1
focused,3
usability,1
whereberry,1
track,4
city,2
yougotlistings,1
offices,1
easy-to-learn,1
enhance,1
lives,1
zerocater,1
caterers,1
chefs,1
adgrok,1
automate,1
choosing,2
bidding,1
keywords,1
adwords,1
aerofs,1
program,1
cloud-like,1
anyleaf,1
unbeatable,1
brushes,1
painting,1
exclusively,1
chart.io,1
critical,2
crowdbooster,1
intelligent,1
dashboard,2
effectively,1
grow,1
dotcloud,1
2nd-generation,1
carte,1
develops,2
tablets,1
restaurant,1
tables,2
guests,1
seats,1
check-in,1
trash-talk,1
watching,2
futureadvisor,1
founded,7
2010,2
premise,1
investing,2
expensive,1
gantto,1
conceived,1
gap,1
weekly,1
routine,1
gazehawk,1
combinator-funded,3
eye,1
ordinary,1
webcams,1
ginzametrics,1
seo,2
hacker,1
three-month,1
full-time,1
york,2
programmer,1
beer,1
structure,1
friendly,1
builders,1
dedicated,2
self-improvement,1
hipmunk,1
agony,1
accounting,2
taxes,1
indinero,1
company's,2
department,1
koduco,1
multiplayer,2
leftronic,1
important,1
messageparty,1
kind,1
blogging,2
opzi,1
corporate,1
knowledge,2
pagerduty,1
alarm,3
dispatching,1
administrators,2
support,1
teams,2
rapportive,1
shows,1
inside,1
inbox,3
readyforzero,1
reduce,1
stripe,1
developer-friendly,1
payments,3
tapzilla,1
combinator-backed,1
launched,7
october,2
13,1
taking,5
deal,3
model,1
applying,1
stream,4
fridge,1
lightweight,2
single,1
serving,1
functionality,1
whereoscope,1
workflowy,1
organizing,1
brain,1
1000memories,1
shoebox,1
inboxq,1
delivers,2
persistent,1
twitter,1
browsarity.com,1
donate,1
cardpool,1
pre-owned,1
color,2
enlightenment,2
colors,1
black,1
white,2
crocodoc,1
trusted,3
leader,1
html5,1
document,2
viewing,1
embedly,1
embedding,1
previewing,1
embedster,1
bloggers,2
serve,1
youtube,2
etacts,1
designers,1
fabricly,2
extra,1
exposure,1
gamador,1
released,1
infoharmoni,1
kovas,1
boguta,1
launchhear,1
copies,1
mertado,1
frequent,1
movity.com,1
surfaces,1
geodata,1
crime,1
noise,1
newslabs,1
journalists,1
adapt,1
issues,2
notifo,1
notifications,1
nowmov,1
endless,1
recommended,2
interests,1
trending,1
ownlocal,1
previously,2
white-label,1
cleaned,1
$20,1
zencoder,1
encoding,1
convert,1
compatible,1
formats,1
articles,1
written,1
discovered,1
140fire,1
500friends,1
acquire,1
retain,1
bump,1
smartphones,1
identify,1
bumped,1
carwoo!,1
new-car,1
buying,1
dailybooth,1
update,2
pictures,1
status,1
updates,1
directed,1
edge,1
amazon-like,1
bought,1
bought…,1
-style,1
recommendations,1
collected,1
histories,1
fanchatter,1
fuels,1
promote,1
flightcaster,1
predicts,1
delays,1
graffitigeo,1
lazy,1
thumbs,2
highly,1
condensed,1
version,2
yelp,1
digg,2
world,1
automatically!,1
instantq,1
varying,1
demand,1
jobspice,1
surprisingly,1
easy-to-use,1
intuitive,1
resume,1
lingt,1
learning,1
takes,1
advantage,1
gameplay,1
back,1
listia,1
august,2
2009,2
ebay,2
stuff,1
keyless,1
entry,1
writing,3
agenda,1
mixpanel,1
improve,2
engage,3
olark,1
visitors,2
instant,1
client,1
plurchase,1
nyc,1
apartments,1
apartment,1
contact,3
rethinkdb,1
extremely,1
implements,1
cumbersome,1
inefficient,1
rotational,1
tuxebo,1
wakemate,1
clocks,1
sync,2
user's,1
cell,2
sound,1
rem,1
cycle,1
wepay,1
individuals,2
adioso,1
leisure,1
2008,3
california,2
airbnb,1
list,1
–,1
cloudkick,1
centralized,1
divvyshot,1
resolutions,1
echodio,1
libraries,1
backed,1
streamable,1
foodoro,1
specialty,1
artisanal,1
foodmakers,1
heyzap,1
android/iphone,1
gamers,2
nambii,1
dating,1
flirts,1
picurio,1
pocketfungames,1
focuses,2
strong,1
components,1
propable,1
remail,1
downloads,2
comprehensive,1
skysheet,1
march,1
thesixtyone,1
filter,1
tsunami,1
creativity,1
hitting,1
voxli,1
wattvision,1
idea:,1
monitor,1
energy,1
consumption,1
realtime,1
anyvite,1
invitation,1
creation,1
organization,1
highlighter,1
highlight,1
backtype,1
intelligence,1
agencies,1
impact,1
co2stats,1
electricity,1
usage,2
carbon,2
emissions,1
footprint,1
contestmachine,1
promotions,1
touchscreen,1
collection,3
ididwork,1
meetcast,1
host,1
interaction,1
including:,1
whiteboarding,1
simultaneous,1
editing,5
pages,3
allowing,1
organizers,1
lists,1
picwing,1
variety,1
sources,1
stylish,1
popcuts,1
posterous,1
sending,1
artist-formerly-known-as,1
scoopler,1
slinkset,1
label,1
news,4
integrate,1
grab,1
pieces,1
enjoyable,1
copy/paste,1
bookmarklet,2
socialbrowse,1
firefox,2
jobs,2
angel,1
ticketstumbler,1
secondary,1
ticket,1
vidly,1
twitvid,1
twitvid.io,1
youlicit,1
recommendation,1
leverages,1
return,1
addmired,1
palo,1
alto,1
chatterous,1
communications,2
synchronously,1
channel,1
deluux,1
inverted,1
relocating,1
center,1
peopleâ€™s,1
identities,1
exist,1
fathomdb,1
day-to-day,1
tasks,1
letting,2
complex,1
heroku,1
multi-language,1
insoshi,1
networking,1
joberator,1
employers,1
talent,1
encouraging,1
refer,1
intimate,1
recruiter,1
kirkland,1
north,2
infectious,1
campus-wide,1
ran,1
yale,1
harvard,1
year,1
spreading,1
campuses,1
country,1
mightyquiz,1
generated,1
quiz,1
answered,1
rated,1
on-site,1
distributable,1
widget,1
mixwit,1
describes,1
combination,1
slide,1
install,1
ninite,1
installs,1
omnisio,1
2007,3
ryan,1
junee,1
simon,1
ratner,1
julian,1
frumar,1
subsquently,1
acquired,1
july,1
rescuetime,1
snaptalent,1
advertisement,1
primarily,1
tipjoy,1
charities,1
webmynd,1
january,1
wundrbar,1
bar,1
inline,1
commands,1
yumdots,1
go-to,1
eat,1
town,1
280,1
cappuccino,1
8aweek,1
monitors,1
surfing,1
behavior,1
spend,1
wasting,1
adpinion,1
rid,1
antagonism,1
advertisers,1
surfers,1
vote,2
anywhere.fm,1
upload,1
appjet,1
biographicon,1
wiki-based,1
biographies,1
famous,1
non-famous,1
browse,2
electronics,2
appliances,1
amazon.com,1
newegg,1
circuitcity,1
walmart,1
dell,1
clickpass,1
openid,2
closer,1
mainstream,1
cloudant,1
experts,1
discussions,1
steps,2
comment,1
draftmix,1
fantasy,1
sports,1
sign,1
pickup,1
virtual,1
dollars,1
drew,1
houston,1
arash,1
ferdowsi,1
industries,1
pursuing,1
animation,1
fuzzwich,1
minivid,1
playful,1
animator,1
ijigg,1
submitted,1
singles,1
digg-like,1
voting,1
justin.tv,2
live,3
audience,1
reble,2
windows,1
installed,1
slapvid,1
pulled,1
socialpicks,1
individual,2
smarter,2
co-founders,1
ian,1
hogarth,1
michelle,1
pete,1
smith,1
songkick,1
concerts,1
enthusiasts,1
splashup,1
fauxto,1
incorporation,1
zecter,1
auctomatic,1
sellers,2
amazon,1
overstock,1
buxfer,1
next-generation,1
finance,1
heysan,1
vertical,1
octopart,1
ago,1
putting,1
inadequate,1
engines,1
manufacturers,1
parakey,1
2006,1
blake,1
joe,1
hewitt,1
mozilla/firefox,1
fame,1
socialmoth,1
post,1
anonymously,2
nightmares,1
virtualmin,1
lack,1
innovation,1
admin,1
plesk,1
accessable,1
non-technical,1
crowd,2
weebly,1
ajax,1
creator,2
template,1
skins,1
widgets,1
whitenoise,1
writewith,1
flow,1
jamglue,1
listen,1
mix,1
user-contributed,1
bridging,1
needing,1
jumpchat,1
receiver,1
activates,1
personality,1
test,1
omgpop,1
iminlikewithyou,1
publisher,1
polling,1
pollground,1
comments,1
posted,1
scribd,1
reading,1
visit,1
environment,2
draw,1
diagrams,1
whiteboard,1
xobni,1
word,1
spelled,1
backwards,1
clustrix,1
newsql,1
limits,1
flagr,1
adding,1
descriptions,1
inkling,1
internal,1
external,1
prediction,1
marketplaces,1
snipshot,1
wufoo's,1
builder,1
registrations,1
youos,1
clickfacts,1
malware,1
kiko,1
loopt,1
2005,2
reddit,1
displays,1
preferences,1
likes,1
textpayme,1
